IdClase,NombreClase,Descripcion,Cupo,Nivel
1,Clase nun,Amplitudo terreo et doloribus curvo ciminatio triumphus dolores.,20,Avanzado
2,Clase excess,Sol cibus sumptus adsidue contigo cernuus civitas.,15,Intermedio
3,Clase impostor,Reiciendis vulgo celo deludo ratione cervus abutor claudeo vulgo.,21,Intermedio
4,Clase procurement,Tantillus cohibeo utroque terreo blandior.,15,Avanzado
5,Clase piglet,Circumvenio sperno cervus aspernatur vulnus mollitia vociferor deporto.,15,Básico
6,Clase singing,Supellex curo credo amissio tres veniam earum defero.,13,Básico
7,Clase range,Cauda bos accommodo crebro aeternus tam celo.,13,Básico
8,Clase marketplace,Tricesimus convoco aspicio nobis deripio aeternus.,7,Avanzado
9,Clase onset,Tabernus amissio repellendus.,5,Básico
10,Clase request,Suppono ventus nisi animadverto peccatus.,8,Avanzado
11,Clase whale,Capillus suscipio amo cena addo callide amiculum degenero amaritudo depopulo.,18,Básico
12,Clase fedora,Tabernus clementia tabernus natus sopor minima totam thesaurus suppono.,30,Intermedio
13,Clase packaging,Sufficio suadeo cenaculum laborum venio veritas sunt.,18,Avanzado
14,Clase annual,Censura capillus alias.,17,Básico
15,Clase contrail,Arceo aperte sum venustas patior triduana viduo summopere conitor.,11,Básico
16,Clase feather,Ceno suscipio tyrannus aureus vitiosus curo vinitor tres.,10,Intermedio
17,Clase petal,Distinctio confero tui sit toties dens articulus degusto adaugeo.,16,Intermedio
18,Clase concentration,Taceo patrocinor sortitus blandior non verbera.,21,Avanzado
19,Clase tributary,Spoliatio cur amita desolo amo cruentus provident crux comitatus.,23,Avanzado
20,Clase morning,Convoco depraedor ventosus defero somnus dolorum tracto.,13,Básico
21,Clase CD,Sit claustrum talus degenero sustineo spectaculum cicuta.,25,Intermedio
22,Clase tenant,Adfectus animadverto caterva voro caveo aveho creptio cubicularis.,16,Intermedio
23,Clase settler,Quam aegrus cunctatio.,26,Avanzado
24,Clase cheetah,Adhuc celebrer tersus damnatio deputo comis.,28,Básico
25,Clase toothbrush,Vulgaris crinis bestia tardus praesentium.,10,Avanzado
26,Clase statue,Sum tonsor amaritudo vacuus virga dicta abeo vorago causa.,25,Intermedio
27,Clase battle,Tonsor aperio architecto sequi.,25,Básico
28,Clase character,Aedificium ciminatio terminatio.,12,Intermedio
29,Clase middle,Verecundia vigor valetudo vilicus clarus.,30,Avanzado
30,Clase heartache,Tempus necessitatibus tot pecus via victus viscus.,15,Avanzado
31,Clase dime,Quae clibanus veritatis solus occaecati altus modi.,15,Básico
32,Clase eyebrow,Tamquam verbera dignissimos temporibus bestia.,12,Intermedio
33,Clase divine,Viscus tersus vito.,13,Avanzado
34,Clase vanadyl,Adficio arbor casus asper capto vito comptus toties cura vilitas.,10,Avanzado
35,Clase loyalty,Villa deporto denuo laboriosam termes sol similique.,28,Básico
36,Clase signature,Corrigo cursim rem contabesco fugiat curto minima vigor suadeo confido.,10,Intermedio
37,Clase obesity,Tepidus patruus deduco cumque amplitudo laboriosam cruentus avaritia stips.,13,Intermedio
38,Clase deduction,Acervus terga iusto.,30,Avanzado
39,Clase fellow,Socius animi defessus auctor clam modi vulnero sumptus.,15,Avanzado
40,Clase hawk,Bibo utique aegrus versus ratione ullus abbas quos.,20,Intermedio
41,Clase someplace,Villa administratio comminor confugo considero vero quam acervus itaque.,15,Avanzado
42,Clase tomb,Tepesco ceno vallum accommodo.,23,Avanzado
43,Clase halt,Adsum adhuc corporis.,5,Avanzado
44,Clase derby,Alter arca sumptus.,21,Avanzado
45,Clase electronics,Taedium thermae porro cubo truculenter odio patria unde ulciscor admoneo.,21,Intermedio
46,Clase tennis,Cenaculum asperiores censura adfectus tracto victus aureus paens quaerat in.,22,Básico
47,Clase planula,Ager valeo astrum.,18,Básico
48,Clase league,Uterque tertius avaritia desolo ultra urbs.,15,Avanzado
49,Clase annual,Carcer casso adipisci attonbitus totam.,25,Intermedio
50,Clase mantua,Defaeco utrum spiculum unde beatus tripudio custodia vomito ascit.,16,Intermedio
51,Clase pine,Spero appositus tamquam coniecto totam caterva titulus.,27,Intermedio
52,Clase tectonics,Arcesso calamitas supellex templum cupressus capitulus quod curatio quis uterque.,13,Intermedio
53,Clase disadvantage,Ademptio substantia volaticus.,10,Avanzado
54,Clase cop-out,Cupiditate paens facilis decerno solitudo aer aegrotatio assumenda.,14,Básico
55,Clase flame,Vigilo tener caute ciminatio amplus stillicidium utilis.,19,Avanzado
56,Clase birdcage,Damnatio cumque debilito commodo cavus cenaculum colligo corroboro.,27,Avanzado
57,Clase bathrobe,Teneo aiunt decimus.,15,Básico
58,Clase haversack,Vulgivagus decor vulpes ascit desidero calco voveo umbra cariosus ambitus.,17,Intermedio
59,Clase dredger,Stillicidium comprehendo termes bellicus socius trans cito una careo audeo.,12,Intermedio
60,Clase zen,Carus patrocinor aduro tenuis ver vox toties dapifer.,23,Intermedio
61,Clase derby,Officiis denique dedecor optio spoliatio cumque tondeo beatus tum blanditiis.,30,Intermedio
62,Clase strait,Atrox creo utor itaque ancilla sum causa decretum cornu thymum.,17,Avanzado
63,Clase depot,Succurro tametsi ut tumultus officia vere articulus.,9,Avanzado
64,Clase forager,Ars crepusculum saepe conculco cupiditate depopulo.,8,Intermedio
65,Clase procurement,Virtus viduo volaticus.,7,Básico
66,Clase bob,Sub vobis averto tepidus tristis.,10,Avanzado
67,Clase requirement,Vinco eligendi patria.,21,Intermedio
68,Clase hutch,Uredo veritas voluptatum virgo sponte ventito validus.,13,Avanzado
69,Clase trolley,Conturbo currus delectatio conor terebro non tabula.,8,Básico
70,Clase injunction,Quas defetiscor commemoro curiositas adhaero caelestis vesco sodalitas synagoga.,19,Avanzado
71,Clase repeat,Tubineus antiquus aliqua concido.,24,Básico
72,Clase hamburger,Substantia esse statim templum socius.,12,Intermedio
73,Clase guide,Sortitus arca conqueror barba summa via tactus tempora harum.,25,Básico
74,Clase pendant,Spectaculum tondeo dedico recusandae deprecator turbo approbo aranea.,21,Intermedio
75,Clase typeface,Desino solvo tabernus.,20,Básico
76,Clase sonata,Ancilla tenax circumvenio cur dolor sub antiquus deleniti canis carmen.,7,Avanzado
77,Clase advancement,Eligendi amoveo vito.,28,Intermedio
78,Clase armchair,Tergo nisi pauper voluptatum cariosus tempore curis.,20,Básico
79,Clase tuba,Similique vulnus tot adsuesco terror strenuus cedo amplitudo.,22,Intermedio
80,Clase median,Adficio caries adficio calculus cohors ocer tredecim.,6,Básico
81,Clase depot,Beatus statim recusandae aegre cupressus confido commodi.,16,Intermedio
82,Clase cafe,Ipsa sui dedico curtus tabgo vomica sto vobis totidem vitium.,26,Avanzado
83,Clase restaurant,Desipio error combibo desparatus vigor conspergo dolore.,12,Intermedio
84,Clase reorganisation,Crastinus exercitationem tempora confido sophismata absorbeo.,30,Básico
85,Clase responsibility,Qui vapulus cogito adhaero sublime vorax tibi toties denuncio.,26,Avanzado
86,Clase brook,Certus trepide conitor cubicularis absorbeo spes adipisci.,28,Avanzado
87,Clase effector,Speculum capto apto venustas supplanto surgo sint illo sumo.,30,Intermedio
88,Clase bookend,Custodia ulciscor ea utpote ceno amiculum auctus sumptus tego.,15,Básico
89,Clase reboot,Attollo victus dolor ars venia arca deserunt.,27,Básico
90,Clase deduction,Deputo comburo delectatio vulgo tenetur utrimque apud cruciamentum.,16,Avanzado
91,Clase place,Condico cupio apto.,12,Intermedio
92,Clase elevation,Eos quos apostolus currus talis tergo adopto vicinus.,19,Intermedio
93,Clase parsnip,Defleo vomito asper subseco caste caterva clarus sponte convoco sunt.,9,Básico
94,Clase ownership,Turba cubitum paulatim.,19,Avanzado
95,Clase noon,Pauci suspendo averto eos tempus conitor.,9,Intermedio
96,Clase mechanic,Appello cui triduana maiores unde repudiandae vae allatus verecundia.,8,Intermedio
97,Clase governance,Amet ara cur id appello volo ullam caput spectaculum speciosus.,20,Avanzado
98,Clase developing,Sono uter ut.,28,Básico
99,Clase grass,Desidero taedium certus quaerat audacia assentator.,30,Avanzado
100,Clase cappelletti,Celo concedo vetus versus deludo virgo esse.,13,Intermedio
101,Clase tabletop,Claudeo deleo coadunatio vulariter voluptatum tergeo officiis cupressus.,21,Intermedio
102,Clase certification,Vulgus triumphus vis tempus sumo distinctio decipio.,7,Básico
103,Clase mainstream,Sit verbum acsi adfectus timor trepide aro alo.,5,Básico
104,Clase complication,Cruentus vindico angulus confero voveo vir victus arx audentia adulatio.,5,Avanzado
105,Clase laughter,Derelinquo dolores vicissitudo corrupti vis degenero compello pectus deripio comptus.,18,Avanzado
106,Clase desk,Capitulus comis adipisci rerum curriculum defendo.,13,Avanzado
107,Clase management,Derelinquo voluptas deprimo rerum cedo.,27,Intermedio
108,Clase best-seller,Aveho aspernatur synagoga iure tribuo venia.,18,Intermedio
109,Clase lifestyle,Vomica benevolentia vorax adaugeo conturbo.,28,Básico
110,Clase lotion,Demoror adfero statim thermae defero beatae usus deficio sunt.,12,Básico
111,Clase cafe,Curvo conventus cuppedia est.,27,Intermedio
112,Clase fraudster,Temporibus tamisium caries ambulo iure texo enim.,12,Básico
113,Clase postbox,Damno vereor vir vitae cupiditas consuasor brevis.,23,Intermedio
114,Clase sandbar,Adsuesco laudantium temptatio thesaurus.,23,Intermedio
115,Clase perp,Ducimus truculenter baiulus alioqui defessus cultura vilicus.,5,Intermedio
116,Clase schedule,Sodalitas at solus cerno vapulus iure ventus.,12,Avanzado
117,Clase disposer,Adstringo advoco volaticus appono conforto quos.,7,Avanzado
118,Clase instruction,Defungo urbs toties adsuesco tribuo nihil solvo.,24,Básico
119,Clase casement,Cado defungo sono abduco.,5,Intermedio
120,Clase fraudster,Laborum fuga conitor sed villa calco.,24,Avanzado
121,Clase mortise,Provident comptus capillus deinde degero subvenio.,25,Avanzado
122,Clase chairperson,Taedium talio aestus arcus vester sollers cognomen deserunt.,23,Avanzado
123,Clase coordination,Ager tantillus dolore delego ipsum peior denique.,7,Básico
124,Clase ice-cream,Cilicium decumbo vel cibo.,6,Básico
125,Clase omelet,Vilitas temptatio triumphus contabesco tui suggero.,16,Básico
126,Clase other,Asporto stipes apparatus velut.,13,Intermedio
127,Clase tabletop,Tonsor arcus viduo aequitas concedo accusantium vestigium odio.,8,Básico
128,Clase bump,Crudelis theologus accusator complectus cilicium conforto cruciamentum.,28,Intermedio
129,Clase adrenalin,Voluptate consuasor surculus apostolus.,27,Intermedio
130,Clase requirement,Adfectus carmen copiose deleo arceo vobis aggero collum amo adstringo.,28,Avanzado
131,Clase elevator,Spes tollo odio cruciamentum demo vester adstringo tamdiu veniam.,26,Avanzado
132,Clase government,Textor dolorum sufficio vulgaris exercitationem demitto cribro tandem absque confero.,9,Avanzado
133,Clase reward,Stabilis ad tremo voluptatum crustulum surgo supellex vobis.,17,Intermedio
134,Clase pinstripe,Addo utique patruus sursum autus accedo quo cornu fugit conturbo.,20,Básico
135,Clase self-confidence,Soleo barba subnecto comparo una constans voluptatum.,19,Intermedio
136,Clase sesame,Ager thesaurus coepi tantum subvenio.,16,Intermedio
137,Clase tail,Arceo suffoco terga rerum admitto praesentium.,15,Avanzado
138,Clase impact,Cubo vilicus carpo crapula desparatus abundans laborum.,5,Básico
139,Clase doing,Titulus volup causa amiculum umerus corrigo atrocitas vis verus vilis.,16,Avanzado
140,Clase arcade,Cattus trado victoria tenax cito dolorem alii.,13,Básico
141,Clase sermon,Adulescens venio truculenter ait charisma ago urbanus copia.,22,Avanzado
142,Clase promise,Aestas vespillo dolores in denuncio.,12,Básico
143,Clase case,Delibero corporis vaco sponte uter comedo.,22,Avanzado
144,Clase councilman,Ademptio arbitro urbanus quaerat vestigium adamo volutabrum.,16,Básico
145,Clase fireplace,Campana accendo crebro repellendus.,30,Intermedio
146,Clase kinase,Alter conicio suus adflicto accusator ea claro cubitum accusator tempus.,19,Básico
147,Clase corporation,Deduco patruus defungo.,19,Avanzado
148,Clase fork,Statua cariosus subito adicio demens vacuus.,21,Básico
149,Clase agreement,Repellat balbus creo.,29,Intermedio
150,Clase crocodile,Acquiro deserunt vitae benevolentia vigor vinum astrum porro abundans vindico.,5,Básico
151,Clase fellow,Quam audacia coerceo utilis sint creator soluta brevis.,23,Básico
152,Clase fedora,Tremo esse aliqua vilicus audeo tabesco.,7,Básico
153,Clase fedora,Advoco adflicto contabesco tardus ambitus vulticulus enim.,24,Avanzado
154,Clase desk,Vociferor tredecim vestrum patior totam supplanto cado amoveo uredo.,15,Avanzado
155,Clase hydrolyze,Aspicio convoco video coaegresco desolo spiritus.,28,Básico
156,Clase reasoning,Ultra audeo asperiores tumultus tripudio dedecor cena.,14,Intermedio
157,Clase toothbrush,Tego ipsum aggero condico.,6,Básico
158,Clase gradient,Deduco dedecor texo sequi desolo.,23,Avanzado
159,Clase hepatitis,Substantia patria vomer tergum.,13,Básico
160,Clase eggplant,Venia laboriosam deputo demulceo sordeo adiuvo cohors talio administratio.,29,Básico
161,Clase joy,Territo tactus cunae aptus altus bene compello neque ullam valetudo.,23,Intermedio
162,Clase integer,Ars cibus amissio usitas carus sed quae corrumpo traho id.,27,Intermedio
163,Clase cash,Commodo utpote magnam aranea vere.,23,Básico
164,Clase fedora,Pectus fugiat turpis eligendi canis excepturi.,30,Avanzado
165,Clase thorn,Aedificium tam conturbo sum.,18,Avanzado
166,Clase mantua,Tergeo videlicet beatae paulatim.,27,Avanzado
167,Clase pillbox,Absens vulticulus veritas angulus tum.,24,Intermedio
168,Clase dusk,Corroboro terebro compello catena.,20,Intermedio
169,Clase knight,Corrumpo vulgaris deorsum vomito cultura ipsam ter.,19,Básico
170,Clase aircraft,Contra auctor vesco attollo canonicus vel odit copia.,19,Intermedio
171,Clase rubric,Inventore ars bibo.,23,Avanzado
172,Clase publicity,Degenero dignissimos astrum articulus stultus verbera pectus.,24,Avanzado
173,Clase bob,Tamen ademptio usus.,12,Básico
174,Clase airline,Curo coerceo vero aestivus defendo abstergo.,13,Avanzado
175,Clase ravioli,Adicio sopor uberrime cunabula tepesco stella.,17,Intermedio
176,Clase instruction,Tergum ab viscus decretum custodia illum.,17,Avanzado
177,Clase pneumonia,Aspernatur volaticus tot patruus teres amplexus abeo cruciamentum.,15,Avanzado
178,Clase patroller,Stillicidium cohibeo cruciamentum aeger desino communis.,7,Básico
179,Clase footrest,Civitas absum tripudio repellendus tibi harum velum repellat inventore altus.,21,Básico
180,Clase battle,Vulticulus arca tutamen.,13,Intermedio
181,Clase mountain,Urbanus sustineo officiis caelestis cognatus comparo deporto usitas vespillo viduo.,20,Básico
182,Clase technologist,Ventosus cernuus varietas demulceo adversus.,9,Intermedio
183,Clase collaboration,Curatio contego vitiosus strues sapiente.,21,Intermedio
184,Clase hutch,Accendo theatrum toties.,20,Avanzado
185,Clase schnitzel,Conor laborum appositus voluptatibus cohaero curis constans non vetus agnosco.,24,Intermedio
186,Clase armoire,Ut textus uter attero tabula.,24,Intermedio
187,Clase translation,Temperantia vigilo aegrotatio perspiciatis libero cruentus convoco vilicus pax.,11,Intermedio
188,Clase costume,Confido carbo antea cunctatio blanditiis strenuus.,11,Básico
189,Clase opera,Adicio derelinquo vilitas crastinus thema hic.,16,Intermedio
190,Clase grandson,Volubilis dolore vitae cometes.,25,Intermedio
191,Clase festival,Deputo deporto cresco canto.,26,Intermedio
192,Clase bonfire,Conitor volo nisi cupio.,12,Avanzado
193,Clase stay,Stipes repellendus beatus degusto.,12,Avanzado
194,Clase fisherman,Candidus conscendo odio praesentium ademptio confido perspiciatis ter.,5,Básico
195,Clase mallard,Tibi sequi talus.,29,Básico
196,Clase ostrich,Vetus thermae arma depraedor amoveo.,12,Intermedio
197,Clase summary,Arbustum sollers subseco enim barba cultura exercitationem ventosus crinis venustas.,13,Básico
198,Clase cheese,Denuo ubi modi animus considero.,27,Avanzado
199,Clase airmail,Vaco praesentium suasoria acerbitas aetas tunc currus pax stultus.,16,Avanzado
200,Clase gradient,Cauda ambitus averto stella spiritus cohors spes averto cornu tutis.,10,Avanzado
201,Clase availability,Aperiam claudeo bene rerum annus denuncio.,27,Avanzado
202,Clase coal,Conicio cogito autus adnuo vulnero cedo apud super tero curatio.,7,Avanzado
203,Clase coliseum,Comes neque harum allatus.,18,Intermedio
204,Clase opera,Argumentum cohors denique dignissimos aufero ante cariosus corporis.,21,Intermedio
205,Clase rosemary,Vir tenax culpo apto statua.,11,Básico
206,Clase draft,Thorax summa praesentium repudiandae.,22,Intermedio
207,Clase volleyball,Tego apud amet.,25,Básico
208,Clase release,Incidunt averto appello sursum.,12,Intermedio
209,Clase importance,Speculum triduana adhuc accendo odio decet.,14,Básico
210,Clase formula,Testimonium officiis ducimus alioqui cursim censura crur complectus.,25,Intermedio
211,Clase postbox,Bestia benevolentia convoco adamo thermae censura utor tabella.,9,Intermedio
212,Clase dime,Colligo explicabo spargo video audeo statim.,13,Avanzado
213,Clase spork,Textor iure advenio valde tui vel tamisium beatae nihil tenetur.,16,Intermedio
214,Clase pillbox,Cinis creptio vulgaris tantillus commodo deporto vomica degusto testimonium.,11,Intermedio
215,Clase cinema,Pauper crudelis voluptates nostrum thema admoveo admoveo.,26,Intermedio
216,Clase adviser,Super absorbeo ex sollicito amoveo sopor.,14,Básico
217,Clase clamp,Theca culpo collum.,8,Avanzado
218,Clase nougat,Aurum quo temeritas.,11,Avanzado
219,Clase birth,Ait suggero tendo voveo calco.,8,Intermedio
220,Clase disconnection,Correptius civis velit vespillo.,26,Avanzado
221,Clase exhaust,Venustas clamo tot clamo sono suffoco tremo antepono.,20,Básico
222,Clase premier,Validus argentum alioqui correptius delego titulus eum expedita.,14,Básico
223,Clase zebra,Nihil aegre statua capto.,15,Intermedio
224,Clase spirit,Umerus contabesco decumbo crustulum paulatim terreo currus.,27,Básico
225,Clase willow,Vespillo uxor adflicto volubilis vociferor compello creptio sui.,21,Intermedio
226,Clase knitting,Sustineo sequi ipsa subiungo sit thermae tametsi quis.,29,Avanzado
227,Clase video,Terror casso reprehenderit adversus.,30,Básico
228,Clase thyme,Vilicus demulceo conqueror occaecati deludo damnatio quasi conspergo sumo substantia.,10,Básico
229,Clase pension,Creta antea verbum sustineo amissio.,30,Básico
230,Clase traditionalism,Aspicio decerno celer compono contra creo temptatio.,28,Básico
231,Clase paintwork,Tergiversatio tantum dolor vilicus attollo absconditus conduco vir.,15,Básico
232,Clase instance,Umerus aliqua officiis apparatus stillicidium sto virga.,26,Avanzado
233,Clase lift,Vinum colo carbo credo exercitationem aegre vae compello curriculum.,24,Intermedio
234,Clase minion,Constans argumentum condico aliquid strues.,14,Intermedio
235,Clase diversity,Tumultus triduana impedit arcus titulus claustrum adversus.,10,Avanzado
236,Clase halt,Theatrum bibo vestigium templum depulso id tum.,21,Básico
237,Clase necklace,Caterva maiores uxor absconditus culpo accommodo vito.,11,Avanzado
238,Clase bourgeoisie,Baiulus adsuesco fugiat ullus denuo accedo ullus custodia.,10,Básico
239,Clase jellyfish,Quibusdam bos convoco aequus vigor somniculosus vulnero amo.,6,Básico
240,Clase vibraphone,Turbo victus bellum amplexus paulatim.,24,Intermedio
241,Clase pleasure,Aro auditor administratio bellicus cicuta tutamen verbera conor umbra.,26,Intermedio
242,Clase junior,Abstergo amiculum aperio aut arto civitas.,6,Intermedio
243,Clase inspection,Acceptus carmen cultellus thesis.,16,Avanzado
244,Clase trash,Conforto studio quae tabernus caste deprecator.,15,Básico
245,Clase ravioli,Stipes sufficio asporto universe vehemens vulgo apud.,30,Avanzado
246,Clase mallard,Crinis appono tenuis.,30,Avanzado
247,Clase secrecy,Crastinus catena beatae utor sumptus utor tantillus.,17,Avanzado
248,Clase carnival,Toties coniuratio suffragium aeternus alveus talus decor.,18,Básico
249,Clase cycle,Tametsi vorax carus vulnero stultus.,7,Intermedio
250,Clase adviser,Soluta damnatio adfectus votum crinis iure quo vigor votum soluta.,21,Básico
251,Clase lawmaker,Tumultus dapifer amplexus deficio.,21,Intermedio
252,Clase impostor,Vobis vomica dicta bos celebrer praesentium territo.,24,Avanzado
253,Clase license,Creptio thesis urbanus tergeo cupio aqua utilis.,24,Avanzado
254,Clase allegation,Adamo atrox vilitas bene crepusculum ademptio defleo uberrime vitae admiratio.,19,Avanzado
255,Clase quinoa,Subiungo tenetur tergum totidem defero.,12,Intermedio
256,Clase coliseum,Tener victus cui auctor ullus crustulum quidem surculus cursus.,8,Avanzado
257,Clase affiliate,Bardus advoco baiulus vigilo.,5,Básico
258,Clase countess,Amplitudo dolore soleo tabella sopor cresco tripudio.,7,Básico
259,Clase lifestyle,Subito sed torqueo umerus curso sui debeo cerno ver.,27,Intermedio
260,Clase packaging,Dolorem carpo aestus sumo valetudo.,20,Básico
261,Clase excess,Texo tendo speculum.,21,Avanzado
262,Clase hamburger,Aeneus nisi civis coaegresco bellum.,10,Avanzado
263,Clase director,Crux teneo amissio suscipio auctor cupiditate decipio vox capillus temeritas.,8,Intermedio
264,Clase bourgeoisie,Vehemens vorax vitium nostrum tabgo addo thesis atqui cerno suggero.,29,Intermedio
265,Clase quinoa,Suadeo comminor bonus.,23,Avanzado
266,Clase pearl,Crustulum praesentium solutio validus.,10,Básico
267,Clase follower,Agnitio vito adsum arca volaticus unus accedo contigo umbra.,12,Básico
268,Clase event,Thymum curo acidus carcer carcer aetas vulgaris.,29,Intermedio
269,Clase longboat,Deputo benigne varius cultura esse.,13,Básico
270,Clase squid,Aureus maiores amor vinculum eligendi socius admitto aspernatur sto temeritas.,27,Intermedio
271,Clase detective,Arbor territo calamitas subnecto.,5,Avanzado
272,Clase polarisation,Beatus aeger cuppedia demum tristis accedo taceo catena beneficium.,11,Básico
273,Clase quinoa,Volaticus cariosus deduco.,15,Avanzado
274,Clase precedent,Bis vestrum bis cado sustineo aliquid thesis crapula urbanus absens.,10,Avanzado
275,Clase retrospectivity,Quaerat modi cunabula currus adicio totidem thalassinus.,20,Intermedio
276,Clase devastation,Tui vereor concedo earum vomito vado.,28,Básico
277,Clase representation,Nostrum thorax aer abundans tenetur umbra.,15,Avanzado
278,Clase loyalty,Candidus vulpes vito tamdiu tum vespillo caute calamitas super consuasor.,16,Básico
279,Clase peony,Alii molestias inflammatio verbera sollers assentator.,6,Intermedio
280,Clase formamide,Caelestis quasi conculco suus casus blanditiis in cogito.,21,Intermedio
281,Clase vol,Caterva speciosus viduo caelum una utilis id pariatur recusandae ait.,27,Avanzado
282,Clase instruction,Ter est libero canto sopor adeo absum turba sponte aptus.,7,Básico
283,Clase institute,Aestus antea absorbeo adfectus trepide.,27,Intermedio
284,Clase reward,Tamdiu annus aedificium vestrum utor consequuntur.,17,Intermedio
285,Clase necklace,Crudelis calco basium eum textus cicuta defendo thermae vito.,27,Avanzado
286,Clase tail,Excepturi deputo vulpes auditor bos veniam celebrer solitudo utpote.,18,Avanzado
287,Clase bonfire,Volubilis conduco undique agnosco bardus aeternus cado territo.,30,Básico
288,Clase unblinking,Vobis conitor solio sophismata torrens attollo decens stipes delicate.,13,Avanzado
289,Clase dusk,Totus vitium convoco colligo pel solvo.,10,Básico
290,Clase knuckle,Quaerat arcesso asporto crastinus uberrime.,17,Básico
291,Clase perfection,Pel candidus thema voluntarius.,5,Avanzado
292,Clase commodity,Peior credo vereor absorbeo coniuratio calco.,20,Básico
293,Clase tune-up,Surculus nihil pariatur tribuo absum campana solutio tricesimus.,6,Básico
294,Clase configuration,Omnis abbas corrigo ullus crustulum.,25,Básico
295,Clase graffiti,Adaugeo antea coniuratio demo voluptates aut cibo sperno.,20,Avanzado
296,Clase replacement,Derelinquo ara ante nam suscipit timidus arguo.,28,Intermedio
297,Clase sesame,Animus desipio vel degero adipisci aut.,18,Básico
298,Clase cellar,Veritas civitas xiphias patruus comis cribro denique assumenda.,13,Básico
299,Clase ferret,Sto audio ulterius maxime damno conculco.,28,Básico
300,Clase makeover,Deprecator defero alioqui quia caelum.,25,Avanzado
301,Clase jungle,Socius nulla repellendus sapiente recusandae tego tollo appello aeneus suggero.,29,Intermedio
302,Clase resource,Adversus universe advenio placeat advenio vorax vestigium ut.,6,Avanzado
303,Clase strategy,Curriculum vero armarium.,6,Avanzado
304,Clase paintwork,Textilis bis ulciscor curso claustrum tendo adflicto basium voluptatem aufero.,29,Intermedio
305,Clase optimal,Verto cogito ultio iste.,24,Intermedio
306,Clase coordination,Commodi alii temporibus tenuis suppellex convoco xiphias.,26,Avanzado
307,Clase pearl,Ventus quasi amo supra ea aegrotatio cohaero.,23,Intermedio
308,Clase approach,Creptio asperiores contabesco aeneus dolorem.,24,Básico
309,Clase validity,Cuius desidero omnis correptius aegre aut cerno benevolentia vicissitudo.,23,Avanzado
310,Clase mythology,Dicta culpa tergiversatio thymbra suppellex deprecator abutor in dedecor vulgus.,13,Intermedio
311,Clase comparison,Tandem tondeo nam optio.,6,Intermedio
312,Clase status,Stipes cupio vomito depromo calco aeneus tonsor.,10,Avanzado
313,Clase airline,Tremo uterque aurum vesper facilis.,12,Básico
314,Clase event,Cibo clementia vilitas pax valde adsum.,23,Avanzado
315,Clase contrail,Arbor agnosco viscus.,22,Intermedio
316,Clase feather,Ducimus cattus creator ante vinitor benevolentia.,30,Avanzado
317,Clase angle,Abstergo consectetur una unus debilito vacuus.,26,Avanzado
318,Clase venom,Deprecator denuo absens titulus textus paulatim vacuus inventore animadverto curriculum.,8,Intermedio
319,Clase barracks,Spectaculum amoveo tempore commodo degusto alii quae caveo cicuta.,27,Avanzado
320,Clase gift,Alioqui tremo volaticus ciminatio.,30,Intermedio
321,Clase loyalty,Tenetur appello universe sed vergo suscipit cursus tubineus.,28,Avanzado
322,Clase defendant,Quaerat constans perferendis non maiores.,8,Avanzado
323,Clase airport,Sum amo pectus deludo clamo.,29,Avanzado
324,Clase suspension,Supplanto suus facilis adaugeo creator vindico calco advenio.,27,Avanzado
325,Clase trash,Strues ager atavus uberrime ancilla calco cuius vigilo.,9,Intermedio
326,Clase barge,Despecto varietas uterque delego arx cibo.,5,Intermedio
327,Clase sanity,Cogo tubineus debilito.,15,Intermedio
328,Clase marten,Argentum atqui cibus.,23,Básico
329,Clase harp,Somniculosus urbanus coepi decimus cito cultellus.,28,Avanzado
330,Clase leading,Tendo aeneus dicta necessitatibus verecundia bardus arbor basium.,6,Intermedio
331,Clase suspension,Vomer tantum vis uxor commodi tolero.,25,Básico
332,Clase community,Occaecati arbor hic.,22,Avanzado
333,Clase approach,Cur adsum curvo acceptus viriliter amor umquam unus congregatio.,27,Intermedio
334,Clase sediment,Abscido attollo id vere derelinquo fuga damnatio.,8,Avanzado
335,Clase lift,Ascisco infit cursim audax compono cur tepidus arx dedecor conor.,7,Básico
336,Clase decongestant,Cupiditate excepturi calculus ulciscor vorax itaque statim cervus creptio caelestis.,29,Básico
337,Clase privilege,Quam abeo adfectus aggero texo vitiosus.,23,Avanzado
338,Clase drive,Super vere valens caute defero comprehendo.,24,Avanzado
339,Clase gastropod,Sophismata arbitro ante pecus illo.,26,Básico
340,Clase accountability,Suppellex totus vilitas.,21,Avanzado
341,Clase presume,Calco pecus repellendus subito allatus sursum uberrime.,30,Intermedio
342,Clase challenge,Cultura sophismata molestias excepturi velum tego voveo.,23,Avanzado
343,Clase executor,Tollo claudeo doloribus alioqui repellendus alias inventore.,17,Básico
344,Clase shark,Timor decumbo aestus chirographum autem vesica.,28,Básico
345,Clase edge,Solitudo ter taceo verto caste ex suadeo.,8,Avanzado
346,Clase tail,Amor esse adamo praesentium alveus.,19,Intermedio
347,Clase deployment,Doloremque casus quod.,13,Avanzado
348,Clase tectonics,Cultura quibusdam absconditus certe minus desparatus aliquam vix.,14,Básico
349,Clase siege,Tamen id viridis hic sulum.,27,Avanzado
350,Clase nucleotidase,Cometes suus ventus sequi aptus carbo textus tersus adopto.,8,Intermedio
351,Clase tarragon,Congregatio subvenio armarium totidem thesaurus excepturi curo magnam temporibus tabella.,7,Avanzado
352,Clase co-producer,Speculum confero argumentum curto angelus alo averto tantum autem sum.,29,Básico
353,Clase decongestant,Vapulus terebro voco.,15,Básico
354,Clase fundraising,Pecco cibo dapifer damnatio vehemens crebro rem ventito.,16,Básico
355,Clase sarong,Currus atqui tabella carbo vestrum stabilis dedecor.,16,Básico
356,Clase insolence,Civitas sufficio vorago surgo tunc.,21,Básico
357,Clase alb,Desolo sursum fugiat tubineus apostolus ratione via succurro civitas attonbitus.,28,Intermedio
358,Clase napkin,Aiunt consectetur deripio uter agnosco vito arbitro spero tepidus.,7,Avanzado
359,Clase language,Cito patrocinor vetus auctor quis testimonium cubo arcesso ultra.,9,Avanzado
360,Clase premier,Socius capio censura vinco tricesimus adsum.,20,Básico
361,Clase deployment,Paulatim cognomen desipio caritas calco.,9,Básico
362,Clase lox,Allatus tantum quae viriliter adeptio vorago paens vigor comparo.,17,Intermedio
363,Clase trick,Claro sint cattus conitor adversus.,15,Básico
364,Clase yarmulke,Patior voluptate utique vesper tenetur currus aqua.,10,Básico
365,Clase cork,Taedium vado adduco voveo verbum ulterius validus tergiversatio spero comprehendo.,5,Avanzado
366,Clase accountability,Cognatus vesper utilis defetiscor cito cito natus ago ter.,19,Básico
367,Clase order,Turpis coniecto ventus.,7,Avanzado
368,Clase captain,Aperte vereor curriculum.,12,Básico
369,Clase story,Debeo spiculum tonsor demergo alo vester.,20,Básico
370,Clase bin,Tremo amita cuius spoliatio teres quaerat altus beatus alius ut.,19,Intermedio
371,Clase aftermath,Averto cohaero ulterius cuppedia urbanus earum vinculum pectus certe tabula.,30,Avanzado
372,Clase thunderbolt,Sufficio dedico stips desipio concedo victus admoveo tres urbs turpis.,16,Avanzado
373,Clase lawmaker,Strenuus coepi architecto numquam traho quae contigo possimus communis.,11,Intermedio
374,Clase goat,Vicissitudo aspicio optio.,25,Avanzado
375,Clase ignorance,Curatio spiritus nemo animadverto vulgus cavus alias.,27,Avanzado
376,Clase travel,Talis aufero paens blanditiis vilicus.,28,Avanzado
377,Clase case,Cubo ancilla vinitor acceptus atavus demonstro nemo atrocitas viduo.,28,Básico
378,Clase role,Angustus vulnero tredecim suadeo.,6,Intermedio
379,Clase chairperson,Similique deinde agnosco tenax tametsi calco.,10,Básico
380,Clase waist,Utique decet vinculum magni accusantium deprecator.,24,Básico
381,Clase opera,Umbra admitto video caecus triduana cibus cerno coerceo aranea.,22,Básico
382,Clase rawhide,Ustulo aequus demergo.,6,Avanzado
383,Clase sailor,Aestus tremo assentator cunae.,17,Avanzado
384,Clase formamide,Theologus defero uredo vulgaris civis thermae.,21,Básico
385,Clase league,Animadverto alter abscido solium corona totam cavus nulla comitatus.,29,Básico
386,Clase tentacle,Tabernus thesis thema delego.,13,Básico
387,Clase range,Caelestis tactus aperiam nam tergum advoco.,24,Intermedio
388,Clase derby,Dolorem perspiciatis ratione inventore compello audio dolorum.,25,Intermedio
389,Clase phrase,Delectus aestus adipiscor non taedium adhaero curtus sum corpus vulpes.,14,Básico
390,Clase seagull,Curtus viriliter absum illum communis deserunt tactus autem qui tyrannus.,28,Avanzado
391,Clase clamp,Cohors beatae degenero tempora turba angustus velociter vehemens defungo.,23,Básico
392,Clase cod,Repudiandae neque quos capto validus laborum vos.,13,Intermedio
393,Clase baritone,Maxime aeternus tenuis tutamen assumenda depromo eius.,23,Intermedio
394,Clase accompanist,Creo calco contra.,18,Avanzado
395,Clase valley,Solitudo sophismata cuppedia cattus vulariter commodo vespillo.,30,Básico
396,Clase marketplace,Denego suasoria pel succurro casso umerus currus conturbo censura subseco.,18,Avanzado
397,Clase presume,Perspiciatis tardus ciminatio volaticus vulpes vulgo.,6,Avanzado
398,Clase smog,Creo cuppedia animadverto voluptates arca.,7,Avanzado
399,Clase department,Convoco derelinquo patior cetera bellicus arguo adstringo sopor ultra atqui.,15,Avanzado
400,Clase cardboard,Deduco alo decet adfectus.,16,Intermedio
401,Clase rim,Bardus beatus una tenetur claro.,13,Básico
402,Clase deck,Delectus tertius strenuus calculus adipiscor benevolentia bellicus.,29,Avanzado
403,Clase baseboard,Tot socius bellum accusantium clam libero ait conqueror bellum sursum.,15,Intermedio
404,Clase subsidy,Adhaero spiculum bene.,9,Avanzado
405,Clase populist,Libero currus uterque demitto volutabrum aureus arbor depopulo adfero.,21,Básico
406,Clase gazebo,Beatus atqui arbustum eligendi voluptatibus pecco.,27,Avanzado
407,Clase event,Carpo defendo tot cuppedia patruus nam.,15,Avanzado
408,Clase scorpion,Vallum demo coepi ceno aurum unde accusamus caveo.,30,Avanzado
409,Clase cinema,Iste provident ante cruentus cruentus alter amiculum capillus curia.,25,Intermedio
410,Clase annual,Apparatus comburo demitto virga cui cribro coepi vindico.,30,Avanzado
411,Clase steeple,Ullus summa repudiandae benevolentia attonbitus arma exercitationem.,21,Avanzado
412,Clase reboot,Civis vinitor caput alii minus victus abutor.,25,Intermedio
413,Clase wedding,Vesco eum bestia caecus officiis triumphus carbo vulgivagus eligendi beatus.,6,Básico
414,Clase solvency,Absorbeo tutis terebro dolores delibero auxilium temptatio quas circumvenio astrum.,27,Básico
415,Clase sock,Usitas acies nemo.,11,Básico
416,Clase retrospectivity,Tamdiu delectus ater caecus stultus fugiat doloremque vox sui.,6,Avanzado
417,Clase cycle,Audacia conitor modi capitulus claro via vado vomer una.,27,Intermedio
418,Clase eyebrow,Decet commodo vox adhaero accusamus cras aptus.,28,Avanzado
419,Clase lounge,Sum bos ara ustilo acquiro crustulum bellicus socius occaecati.,25,Avanzado
420,Clase tectonics,Supplanto tui suadeo currus.,28,Intermedio
421,Clase marksman,Vigilo aegrus deputo vacuus sponte.,7,Básico
422,Clase help,Recusandae accendo amita usitas desipio ater vomer.,9,Intermedio
423,Clase sand,Paulatim triduana doloremque.,18,Básico
424,Clase outlaw,Colligo laborum tutis auctus cultellus timor adiuvo valde sono.,8,Avanzado
425,Clase permafrost,Veritas sequi earum vilitas sonitus defaeco triumphus coepi amplitudo vespillo.,11,Básico
426,Clase printer,Aegrus aureus combibo delibero spoliatio.,6,Avanzado
427,Clase formula,Derideo degero benevolentia.,15,Avanzado
428,Clase contractor,Correptius culpa itaque.,19,Intermedio
429,Clase word,Deripio decor tutamen truculenter nihil denuo tui capio.,25,Básico
430,Clase guide,Quibusdam ager vomer agnosco peccatus ara verecundia cubicularis.,21,Avanzado
431,Clase ecliptic,Aliquam capillus bene vulnero aequus.,12,Intermedio
432,Clase marksman,Nobis ad at benigne tot abstergo administratio adulescens.,30,Básico
433,Clase incandescence,Architecto theca caute quia.,15,Intermedio
434,Clase term,Ulterius catena ceno quaerat confugo.,10,Básico
435,Clase quinoa,Utpote cohibeo aestivus admitto.,21,Intermedio
436,Clase fowl,Alius ver tredecim vulariter auxilium.,16,Intermedio
437,Clase atrium,Acsi consequuntur teneo conscendo vorago summisse.,25,Avanzado
438,Clase tool,Bis ducimus comedo defleo adfero ea benigne texo.,6,Intermedio
439,Clase submitter,Uxor utique tabgo decretum cedo.,17,Intermedio
440,Clase quart,Accedo sonitus depereo certus tunc deorsum cauda solium.,15,Básico
441,Clase outlaw,Nesciunt cupressus strenuus coepi attonbitus.,21,Avanzado
442,Clase giant,Una cubo inventore molestiae cruentus triumphus annus.,6,Intermedio
443,Clase editor,Vulgaris textus sublime distinctio crustulum uxor.,23,Intermedio
444,Clase language,Tremo vulnus caveo antiquus cubicularis.,7,Básico
445,Clase tectonics,Ulciscor balbus vilitas ex.,28,Avanzado
446,Clase hawk,Cedo blandior contego ver architecto deleo.,29,Intermedio
447,Clase chops,Sono cernuus ademptio iure tersus.,24,Avanzado
448,Clase coil,Facilis quasi tepesco aegrotatio debitis libero.,17,Intermedio
449,Clase sailor,Tum vilis totus triumphus eum.,21,Avanzado
450,Clase tenant,Adaugeo velit stipes terra alias conduco tantum ventito commodi celo.,26,Básico
451,Clase collectivization,Vereor demonstro quo volutabrum.,24,Intermedio
452,Clase yin,Altus tredecim unus tamquam angustus conspergo deludo civitas.,8,Avanzado
453,Clase crocodile,Defendo aestas candidus.,26,Avanzado
454,Clase barge,Temporibus attero dapifer ipsa tametsi cariosus alveus capio alienus.,19,Intermedio
455,Clase haversack,Cupiditas tribuo caveo usitas aer videlicet.,23,Básico
456,Clase optimal,Bestia theatrum subvenio cornu delinquo.,7,Intermedio
457,Clase monocle,Alii cras cometes cubicularis verumtamen atqui temperantia talis.,6,Intermedio
458,Clase humor,Animadverto ventito in damnatio tremo.,17,Básico
459,Clase pneumonia,Rerum dolorem tutamen.,25,Intermedio
460,Clase language,Cohibeo clementia tibi curiositas stillicidium sui sint.,12,Básico
461,Clase disclosure,Tollo curiositas traho.,17,Avanzado
462,Clase bowling,Decretum alveus sunt turba deporto.,15,Básico
463,Clase petticoat,Accommodo curtus asporto assumenda trans dicta armarium surculus.,13,Avanzado
464,Clase nightlife,Tertius caste cibus voluntarius soluta.,26,Básico
465,Clase wafer,Aqua angulus textor artificiose amo thalassinus dignissimos.,28,Básico
466,Clase release,Excepturi curatio denego.,25,Intermedio
467,Clase earth,Una dicta commodi canis vitium ambitus ager demens enim caput.,24,Básico
468,Clase label,Derideo vel pectus verbum cauda.,17,Avanzado
469,Clase printer,Stillicidium versus decens quis aspernatur.,11,Intermedio
470,Clase sustenance,Vulpes denuncio tersus tum tenuis quam.,26,Avanzado
471,Clase council,Urbs totam inventore averto urbs triduana.,19,Básico
472,Clase wedding,Commemoro acidus tristis fuga torrens summisse.,7,Intermedio
473,Clase accountability,Confero beneficium corrupti decet comminor supplanto texo aduro defaeco.,29,Básico
474,Clase appliance,Artificiose acidus expedita vigor nemo celer abutor volubilis.,8,Básico
475,Clase mozzarella,Error consequuntur carus pauci desino tenuis corrumpo volubilis.,27,Intermedio
476,Clase ruin,Territo quisquam approbo perferendis.,8,Avanzado
477,Clase apricot,Sapiente voluptates deorsum bardus crapula timidus assumenda demonstro.,8,Básico
478,Clase wear,Succedo cresco thesaurus umbra ultra confero.,25,Básico
479,Clase warming,Vere cruentus combibo quas.,30,Intermedio
480,Clase toothbrush,Aggero dolorem ullam ventito amita.,14,Intermedio
481,Clase cemetery,Porro confugo sperno est studio cura.,22,Básico
482,Clase role,Degenero temeritas absque adstringo territo velit tendo paulatim.,8,Intermedio
483,Clase fedora,Avarus adversus desino vulnus coadunatio suggero abbas.,8,Básico
484,Clase poppy,Doloribus viriliter ex ascisco valde altus acquiro vere.,5,Avanzado
485,Clase secrecy,Ultio avarus tracto tenetur constans apud desolo clamo aestus degenero.,24,Avanzado
486,Clase slipper,Video corrupti spiritus.,7,Avanzado
487,Clase captain,Crepusculum candidus tabella eius vociferor.,27,Básico
488,Clase knickers,Velut assumenda tenuis tutis denique condico.,22,Avanzado
489,Clase rosemary,Conor solvo audentia ter repudiandae cuppedia.,8,Avanzado
490,Clase apparatus,Stultus voco demo vacuus delicate vulgaris.,23,Intermedio
491,Clase alligator,Uredo iste vorax dolore.,13,Básico
492,Clase countess,Veritatis colligo urbanus acidus ubi balbus valeo.,16,Básico
493,Clase traditionalism,Certus derelinquo abbas vester curto ipsa tabula eaque ascisco amaritudo.,17,Avanzado
494,Clase subexpression,Conitor depraedor astrum non.,8,Avanzado
495,Clase soybean,Saepe umbra temperantia thymbra acer tripudio neque considero.,8,Intermedio
496,Clase hierarchy,Degero defleo cibus utor repudiandae delectatio eligendi.,25,Avanzado
497,Clase government,Suffragium ad suadeo alo sordeo uberrime coepi socius suspendo.,30,Intermedio
498,Clase dream,Conduco creptio alias terebro.,30,Avanzado
499,Clase flu,Reiciendis viriliter cura audax cibo sordeo administratio magnam.,20,Avanzado
500,Clase tectonics,Ut abeo trucido rem clam cicuta crustulum in spectaculum.,23,Avanzado
501,Clase boyfriend,Repudiandae censura basium consequuntur sperno varius vespillo.,5,Intermedio
502,Clase pocket-watch,Solum calco adversus trado tergeo adipisci argumentum cubicularis.,30,Intermedio
503,Clase tool,Debeo coruscus pecto harum quas depromo congregatio antiquus truculenter tametsi.,11,Avanzado
504,Clase permafrost,Bardus constans concido perferendis sodalitas derideo sunt vester thorax non.,7,Avanzado
505,Clase euphonium,Aptus sortitus urbanus comparo apto vorax sublime vivo dignissimos spiculum.,8,Avanzado
506,Clase yeast,Dolorem molestias cruentus turbo.,11,Intermedio
507,Clase toaster,Caritas substantia spiculum cruciamentum aspicio deporto ipsa sustineo subvenio.,12,Básico
508,Clase encouragement,Laboriosam tremo admoveo terreo antiquus subito verbum.,18,Avanzado
509,Clase bakeware,Tollo credo stabilis.,10,Básico
510,Clase wallaby,Supellex crapula adhuc cattus socius varius comparo celebrer adiuvo confido.,23,Básico
511,Clase ownership,Bellum tripudio voluptates.,11,Avanzado
512,Clase fuel,Audentia defero ex paulatim.,8,Avanzado
513,Clase lamp,Barba combibo depraedor odit.,19,Avanzado
514,Clase mountain,Calamitas torrens cena alo consectetur.,14,Básico
515,Clase postbox,Conturbo supra una conicio.,22,Básico
516,Clase essence,Nam adfectus turpis.,16,Intermedio
517,Clase programme,Vacuus sulum solutio verbera adopto.,26,Intermedio
518,Clase flu,Colo vobis correptius denuncio vivo textilis cometes tactus confido.,15,Básico
519,Clase sediment,Veritas fugiat adflicto curo deleniti amaritudo non adiuvo.,8,Básico
520,Clase haversack,Beatus decipio abbas aperte.,30,Intermedio
521,Clase cheetah,Temptatio credo suppono accommodo altus.,8,Avanzado
522,Clase majority,Paulatim custodia creta caterva delectatio communis tum.,28,Intermedio
523,Clase scenario,Cras concedo talis tabula omnis bonus architecto valetudo adulatio bestia.,7,Básico
524,Clase bend,Trepide venia vestrum adipiscor trans cotidie adeo dolor cursus.,27,Avanzado
525,Clase release,Adeo theatrum vilis avaritia calcar absque vicissitudo arma benevolentia.,9,Básico
526,Clase taxicab,Subiungo amaritudo spes thesaurus tremo quidem supplanto incidunt vinco ulciscor.,17,Avanzado
527,Clase creature,Statua hic ara adstringo velum suadeo.,20,Básico
528,Clase dwell,Sponte compono verbera.,27,Intermedio
529,Clase restaurant,In laudantium terminatio vulgus decens.,19,Avanzado
530,Clase festival,Agnitio studio cauda claustrum aegre nihil sumo tenax summisse civitas.,5,Avanzado
531,Clase transparency,Qui cogo suscipio utrum concedo.,7,Avanzado
532,Clase account,Stultus adicio communis ducimus.,10,Intermedio
533,Clase scaffold,Sortitus aperio bibo.,15,Intermedio
534,Clase adrenalin,Tolero fugiat varietas comptus angustus delicate.,30,Intermedio
535,Clase deer,Abutor sono allatus cognatus.,18,Básico
536,Clase eggplant,Adduco suspendo desino capitulus comes vis atqui tergum.,12,Intermedio
537,Clase secret,Una colo acidus voluntarius eos.,16,Avanzado
538,Clase sunbeam,Comitatus degusto civis solutio.,25,Avanzado
539,Clase resolve,Bellicus urbs amor pecto.,14,Intermedio
540,Clase piglet,Cimentarius demitto corona eaque.,12,Avanzado
541,Clase dash,Stips comburo depulso vinco.,13,Intermedio
542,Clase produce,Atrox thymum surgo vitae varietas aureus totam avarus quod trado.,16,Básico
543,Clase monocle,Atqui versus vorax degero canonicus ars tametsi.,8,Avanzado
544,Clase underpants,Umerus vergo tergiversatio cursim circumvenio ter eius timidus tracto creta.,28,Básico
545,Clase following,Coniuratio pariatur suppono degusto suus bestia ulterius voveo.,30,Intermedio
546,Clase porter,Auctor brevis cupio accendo mollitia adimpleo audax quaerat aestus ventus.,16,Intermedio
547,Clase pillow,Molestiae debitis antepono terga aggero abutor iste patior est corporis.,12,Avanzado
548,Clase brush,Comburo attero modi abduco admoneo.,13,Básico
549,Clase colonialism,Desino consuasor clamo adhaero bellicus demonstro degusto stella.,25,Intermedio
550,Clase meadow,Veniam rerum ab conqueror volva ventito aduro antiquus.,8,Intermedio
551,Clase minion,Substantia tergo expedita umbra sufficio.,19,Intermedio
552,Clase smog,Optio confero validus deputo dens conservo vulgo summisse tepidus.,8,Avanzado
553,Clase venom,Adipiscor sumo deludo magnam voveo.,16,Intermedio
554,Clase intent,Demonstro suadeo demo colo valde sortitus acquiro.,27,Intermedio
555,Clase scaffold,Dicta comis vallum votum aestus cohaero versus sursum condico.,7,Básico
556,Clase squid,Tenax desipio tego tergeo turba paulatim adsuesco comitatus.,7,Avanzado
557,Clase stump,Utrum aveho brevis compono cometes.,19,Avanzado
558,Clase tuber,Sophismata volubilis quidem deduco vomer adulescens pel utrimque placeat.,13,Básico
559,Clase humidity,Demo socius voluptates amaritudo textilis cavus decumbo.,6,Básico
560,Clase conservative,Sursum suscipio crustulum torrens varius cohors armarium barba voluptatibus adsidue.,20,Básico
561,Clase brief,Cunctatio caelum paulatim conqueror aptus colo arbor tracto calculus.,10,Avanzado
562,Clase taxicab,Coaegresco tabella iure amplitudo ascit torqueo earum.,21,Avanzado
563,Clase premise,Vinculum verus carcer capitulus attollo suppellex succurro laboriosam placeat.,6,Básico
564,Clase granny,Tubineus verbera crebro nobis cur.,24,Intermedio
565,Clase courtroom,Celo optio omnis dolores trado veniam culpo civis dolorum esse.,25,Básico
566,Clase technologist,Tempore clementia pax convoco ater virga.,7,Avanzado
567,Clase tomb,Antepono talis tonsor ab doloremque votum vociferor vapulus conqueror deduco.,30,Básico
568,Clase folklore,Vapulus barba calcar volo conscendo aggero utor commemoro.,29,Avanzado
569,Clase CD,Adipisci tamdiu adimpleo dedico.,22,Avanzado
570,Clase platypus,Bene compono nemo crastinus.,6,Avanzado
571,Clase pile,Talio videlicet amo.,23,Básico
572,Clase object,Absens cervus adipiscor aggredior.,14,Avanzado
573,Clase extension,Ver derideo dignissimos adfero vester.,21,Intermedio
574,Clase awareness,Tum exercitationem umquam expedita usus turpis perferendis cras vos.,16,Básico
575,Clase seagull,Tergum baiulus volutabrum.,13,Intermedio
576,Clase pleasure,Vado totidem condico vero.,22,Avanzado
577,Clase gift,Crustulum casso compono valeo veniam suus cibus tumultus deprecator.,21,Intermedio
578,Clase chapel,Aestas umbra cenaculum spero certus amicitia coaegresco xiphias talus.,25,Avanzado
579,Clase attraction,Campana universe contego accedo tremo pectus suggero.,6,Avanzado
580,Clase mouser,Suscipio abeo voluptate astrum tener amissio desolo.,8,Intermedio
581,Clase season,Unus tabesco corporis credo caelum bonus statua textilis amor caelestis.,13,Avanzado
582,Clase councilman,Vulticulus capto aggero.,10,Avanzado
583,Clase exploration,Adnuo surculus quaerat volva cogo.,12,Básico
584,Clase partridge,Ullam tantum defluo adamo calamitas victoria cur.,15,Básico
585,Clase restaurant,Amiculum apud unde ipsam cimentarius utroque subito comis umbra sit.,8,Intermedio
586,Clase venom,Voluptate tristis cerno creta sub.,19,Intermedio
587,Clase cleaner,Tabella vobis tergiversatio cumque accendo.,8,Intermedio
588,Clase version,Speciosus desipio admoneo acidus iste.,7,Básico
589,Clase harp,Totus decens coruscus maiores.,24,Intermedio
590,Clase minority,Aedificium vacuus amitto vulgivagus theca.,12,Avanzado
591,Clase sauerkraut,Basium tunc ascisco.,20,Intermedio
592,Clase cappelletti,Aspernatur ventosus socius acidus dolor surculus.,26,Avanzado
593,Clase fold,Aestus speculum totidem acervus caste valde abduco umerus.,14,Avanzado
594,Clase confusion,Desolo adipisci spiritus vetus adamo tantum cresco.,20,Intermedio
595,Clase shark,Tonsor denego vigilo adinventitias creo cupio.,12,Avanzado
596,Clase pepper,Velociter carmen voluptate deserunt acies amet comparo nobis.,25,Intermedio
597,Clase requirement,Cattus commodi ab magni caput sulum.,27,Avanzado
598,Clase middle,Aptus antea acervus eveniet recusandae totus ullam accommodo perspiciatis damno.,14,Básico
599,Clase sightseeing,Surgo ubi tergo deprimo dedico deleniti arma caute.,11,Básico
600,Clase pantyhose,Cedo numquam est causa adulescens eius.,28,Intermedio
601,Clase expansion,A venio approbo.,24,Intermedio
602,Clase optimal,Artificiose vilis concido spiritus charisma acidus solum tego quos credo.,30,Intermedio
603,Clase godfather,Commodi despecto decimus animadverto adhaero.,26,Intermedio
604,Clase toaster,Asper carcer tollo suadeo adsuesco vulgivagus tamisium.,17,Avanzado
605,Clase tapioca,Triduana comprehendo incidunt natus delinquo addo facilis creptio.,28,Intermedio
606,Clase pension,Paens baiulus vinculum decerno centum theologus benevolentia turpis creator alveus.,25,Intermedio
607,Clase runway,Blanditiis possimus casso patruus.,26,Intermedio
608,Clase request,Cerno certe carus curtus.,15,Intermedio
609,Clase tooth,Acquiro fugiat vir veritatis torrens ustilo consuasor antepono.,6,Básico
610,Clase hammock,Fugiat abundans conor cunae audio voluptate stabilis desparatus canto.,8,Avanzado
611,Clase section,Sperno molestiae degenero.,19,Avanzado
612,Clase acquaintance,Quos depereo auctus alias pecus quo comparo amissio.,10,Intermedio
613,Clase birth,Vae aestus tergo.,14,Intermedio
614,Clase chiffonier,Abutor demitto traho adfectus decor curtus confugo verto bene cavus.,25,Básico
615,Clase kinase,Allatus considero spes.,8,Avanzado
616,Clase trolley,Carbo currus arceo sortitus cupiditas crudelis.,20,Avanzado
617,Clase receptor,Adamo sonitus carcer comptus deleo videlicet demulceo utrum auditor ab.,21,Básico
618,Clase tackle,Hic callide clibanus audacia damno absconditus angulus.,28,Intermedio
619,Clase disclosure,Error sono excepturi vitium.,16,Intermedio
620,Clase pronoun,Cotidie defungo territo vallum vaco velum vitium.,17,Avanzado
621,Clase cash,Amet tabula careo.,20,Intermedio
622,Clase wriggler,Facere temporibus aperio valetudo conforto caterva deficio alienus ubi curiositas.,20,Básico
623,Clase department,Virga reiciendis trepide.,21,Básico
624,Clase pronoun,Appello debitis inflammatio.,17,Básico
625,Clase vanadyl,Cado ipsam desparatus carcer terra solutio.,12,Intermedio
626,Clase coordination,Canis adinventitias tabgo chirographum.,22,Básico
627,Clase handover,Catena caries sursum custodia alo distinctio vulnero.,18,Intermedio
628,Clase illusion,Adeo delinquo depraedor.,29,Básico
629,Clase release,Utpote suscipit comburo spiritus cervus spes sum abbas umbra.,9,Básico
630,Clase ostrich,Despecto caelum tollo.,17,Básico
631,Clase impact,Delectatio veritas demoror deludo.,5,Avanzado
632,Clase resource,Vestrum suspendo absum adipiscor atrox.,27,Básico
633,Clase teriyaki,Iure tibi rem avaritia atavus atrox viriliter consectetur tonsor cultellus.,5,Intermedio
634,Clase corral,Condico delinquo totidem suscipit ullus thesis torrens aestus.,11,Básico
635,Clase representation,Centum dedico centum vomito vomica conspergo tamdiu vilicus centum.,12,Básico
636,Clase safe,Pectus verbum adduco solutio colligo adsum viscus.,10,Básico
637,Clase making,Compello ventus crebro.,10,Básico
638,Clase hyena,Inventore calculus nam urbs curia.,25,Intermedio
639,Clase incandescence,Cado tendo maiores vinitor curiositas.,18,Básico
640,Clase fuel,Demens sophismata explicabo dedecor trucido aestas aegrus terminatio umerus.,29,Avanzado
641,Clase following,Usque absens curis callide vinculum vero.,7,Intermedio
642,Clase daddy,Conor ipsa dapifer iste maiores colligo corporis viscus.,22,Básico
643,Clase omelet,Tantillus incidunt aequus.,24,Avanzado
644,Clase depot,Tutamen quae currus.,23,Intermedio
645,Clase designation,Summa vel arcesso subseco.,5,Intermedio
646,Clase stir-fry,Tergum demitto clamo inflammatio vero tunc ducimus triumphus aggero.,24,Avanzado
647,Clase runway,Coma complectus vallum textus demulceo magni.,20,Básico
648,Clase event,Volutabrum auctor ventus casus sublime.,15,Intermedio
649,Clase pinstripe,Decor desidero aegrotatio summopere recusandae cupiditate demulceo natus sequi.,17,Intermedio
650,Clase hydrant,Vilitas maxime cubicularis virga ait canto advenio.,18,Intermedio
651,Clase provision,Tumultus cohors valens custodia utpote aspicio denego arma turba capillus.,8,Básico
652,Clase flu,Vereor commodi civis asporto usus facilis.,10,Básico
653,Clase fisherman,Tredecim iste cedo.,17,Avanzado
654,Clase knickers,Cotidie amor accendo verbum vomica attero artificiose apparatus cogo speciosus.,25,Avanzado
655,Clase ostrich,Denego quos thymum officia allatus acervus communis temptatio aestus.,24,Básico
656,Clase intellect,Xiphias conqueror bis tonsor tum eligendi desparatus tolero coruscus valde.,9,Intermedio
657,Clase gray,Supra approbo termes agnosco certus.,29,Avanzado
658,Clase scarification,Vinculum curvo adnuo contra subito adflicto vel odit vilis.,18,Avanzado
659,Clase lace,Decipio peccatus ustilo sequi voluntarius.,26,Básico
660,Clase babushka,Trans conscendo ademptio.,6,Intermedio
661,Clase wedding,Creber deputo caelum antea vicinus pecco cauda copia perspiciatis.,9,Intermedio
662,Clase sesame,Defetiscor depulso candidus aetas defungo cubitum.,14,Avanzado
663,Clase chow,Voro sub cattus substantia comes adflicto occaecati.,16,Intermedio
664,Clase publicity,Depono cauda audeo venio cena illum decimus vulnero cohaero.,17,Intermedio
665,Clase legging,Vito calcar creta colligo canonicus aqua quidem curatio.,29,Básico
666,Clase carnival,Socius eligendi ulterius barba absconditus.,23,Intermedio
667,Clase reconsideration,Sortitus bardus bos sint quibusdam.,22,Básico
668,Clase guidance,Trans conqueror uredo.,12,Avanzado
669,Clase diversity,Trepide talus beatus denuncio cursim.,23,Intermedio
670,Clase backburn,Torqueo debilito acsi curis.,7,Avanzado
671,Clase equal,Apud valens adhuc utique sonitus.,14,Intermedio
672,Clase dream,Aspernatur cura aduro ver quae asperiores vulgo paens voco.,5,Avanzado
673,Clase allocation,Turbo cognatus cinis coaegresco optio civis statim vulariter admoneo cinis.,11,Intermedio
674,Clase coal,Quos pecto victus utor.,22,Básico
675,Clase parade,Cavus dolore aut perferendis amicitia deprimo depromo spero deludo cupressus.,21,Básico
676,Clase rust,Arbitro audio spiritus cognatus super decipio.,7,Avanzado
677,Clase meatloaf,Valde tergeo coerceo.,13,Intermedio
678,Clase dish,Adstringo vulgivagus vinculum vulnero suus teneo atqui super.,7,Avanzado
679,Clase collectivization,Viriliter illo decretum sursum.,17,Avanzado
680,Clase litter,Vae confero valens molestias aeneus aliquid aliquam ater.,29,Avanzado
681,Clase pear,Temporibus debilito itaque verbum usus aptus.,30,Intermedio
682,Clase corporation,Atque tyrannus demum cedo.,23,Avanzado
683,Clase tuxedo,Eos vallum tot spero cruciamentum succedo cultellus infit.,17,Básico
684,Clase bathhouse,Balbus apto acer urbs.,22,Avanzado
685,Clase pigsty,Arcus vociferor tergum statim quod apud totam arx adnuo similique.,10,Avanzado
686,Clase vicinity,Cohors toties bellicus vobis civis admitto commemoro cunae adulescens careo.,16,Intermedio
687,Clase heartache,Tot viscus sint capillus.,19,Intermedio
688,Clase gloom,Auxilium volutabrum trado culpo adeo trans amiculum.,8,Intermedio
689,Clase step-mother,Aeneus celer labore caelestis tum tondeo.,20,Intermedio
690,Clase caption,Acerbitas decimus arcesso aurum utrimque volo ago copiose atrocitas.,26,Avanzado
691,Clase metabolite,Super copia tumultus.,26,Intermedio
692,Clase breastplate,Angelus quas temptatio.,15,Básico
693,Clase humidity,Aiunt vulnus vesper canis.,28,Avanzado
694,Clase information,Conitor sono surculus cupressus iste.,18,Básico
695,Clase quit,Aegrus ager vilis creo carmen corrigo.,26,Básico
696,Clase pigpen,Teres vehemens sodalitas valens adversus arcus spiritus veritas.,22,Avanzado
697,Clase quart,Validus decipio vehemens pecco subiungo coniuratio decet ab.,5,Básico
698,Clase yogurt,A supplanto provident talio modi depraedor tremo depereo spiculum vulnus.,20,Avanzado
699,Clase replacement,Vere temeritas desino cognatus agnitio solum artificiose.,21,Avanzado
700,Clase dress,Suggero nostrum vereor textor tepesco confido maxime sophismata.,14,Intermedio
701,Clase humidity,Tamdiu utpote arceo cattus alter adicio blanditiis tego valetudo.,12,Básico
702,Clase dependency,Comedo vita ciminatio color commodi amaritudo quia clam verbera cum.,28,Avanzado
703,Clase typewriter,Tamisium vindico conventus coniecto alias.,23,Avanzado
704,Clase bog,Subvenio trado consuasor.,27,Intermedio
705,Clase middle,Acer terminatio aestivus tubineus cruentus.,26,Básico
706,Clase knight,Ullam talio provident capillus tutamen alii adsidue.,6,Básico
707,Clase nightlife,Comprehendo illum cubo voluptatibus subvenio vereor doloremque facere.,13,Básico
708,Clase cork,Tubineus spiritus cunctatio.,17,Básico
709,Clase circumference,Absque facilis cilicium coepi calcar antea.,29,Avanzado
710,Clase agreement,Viduo acceptus armarium textus adeptio.,25,Básico
711,Clase barracks,Cuppedia sublime vetus abeo.,7,Básico
712,Clase chap,Patruus cohibeo contra villa.,9,Intermedio
713,Clase account,Possimus administratio copia cogito demum defetiscor delibero.,7,Intermedio
714,Clase cook,Beneficium talis amitto socius quas.,15,Avanzado
715,Clase casement,Amo supellex carbo deprecator arcus terebro tergum vis.,16,Básico
716,Clase rawhide,Pax adflicto arceo cunabula accendo cohaero curiositas advoco cruciamentum caelestis.,21,Básico
717,Clase hammock,Vivo tribuo coaegresco.,14,Intermedio
718,Clase reboot,Audeo timor ver earum suspendo varius cicuta.,23,Intermedio
719,Clase fireplace,Sonitus vergo suppono valde defleo adulescens crur.,16,Intermedio
720,Clase transom,Claudeo contigo demo ipsa pecus delectatio vorago vulgus adeptio vorago.,19,Intermedio
721,Clase tail,Esse utpote error depereo.,13,Intermedio
722,Clase integer,Allatus excepturi fugiat quidem.,20,Avanzado
723,Clase decryption,Spargo abstergo cotidie corpus currus decens.,7,Intermedio
724,Clase polarisation,Vulnus sursum arbor defluo maiores aptus aliqua assentator.,27,Básico
725,Clase hydrolyze,Bellum suasoria credo magnam.,24,Básico
726,Clase markup,Crastinus cultellus advoco rem ducimus demoror ultra aeneus.,18,Básico
727,Clase other,Aut accendo vigor totam defetiscor.,19,Avanzado
728,Clase omelet,Tondeo volaticus trans cohors defessus debitis comitatus eveniet vinitor.,27,Básico
729,Clase promise,Illo peior enim adsidue chirographum vulgivagus.,8,Intermedio
730,Clase waterspout,Assentator velut dedico terga.,5,Intermedio
731,Clase adviser,Deprecator at corroboro curvo curso sui vulnus.,14,Intermedio
732,Clase airman,Attero versus a advenio tantillus necessitatibus.,5,Básico
733,Clase galoshes,Cursus adfectus degero delectatio dens conqueror pectus tabella volaticus.,17,Intermedio
734,Clase viability,Cursim cur alienus arbustum voluptates ago expedita capillus vis.,5,Avanzado
735,Clase yak,Coniecto virgo tyrannus.,26,Básico
736,Clase wedding,Bene curo desipio usitas caput thesaurus aeternus vulgus arbor crur.,9,Intermedio
737,Clase bakeware,Considero versus tergo quia crur subiungo voro bos demitto volutabrum.,11,Intermedio
738,Clase suspension,Stips suadeo tabgo terminatio.,22,Avanzado
739,Clase skean,Vesco advenio curatio creptio videlicet utpote sublime asperiores caries.,6,Intermedio
740,Clase follower,Cursim debeo mollitia.,8,Intermedio
741,Clase legging,Bellicus administratio triumphus volo laboriosam desparatus.,14,Avanzado
742,Clase developmental,Absum aspernatur derelinquo clamo dicta valeo.,27,Intermedio
743,Clase information,Ager teres sapiente ante vinum ago claudeo audeo.,11,Avanzado
744,Clase disappointment,Cubo demens stabilis somniculosus sit ab denuo volubilis defungo.,17,Básico
745,Clase festival,Campana casus demitto valeo cupiditas chirographum.,9,Básico
746,Clase sweatshop,Adimpleo decimus iste conculco vesica amita vulgus aut.,8,Intermedio
747,Clase someplace,Stella infit alioqui amplexus cedo desino quibusdam decimus.,16,Intermedio
748,Clase finger,Aegrus tabernus patior amiculum terra trans qui nisi.,13,Avanzado
749,Clase descendant,Decimus cohors commodi bestia vicissitudo.,30,Intermedio
750,Clase casket,Sodalitas cavus cubicularis turbo facilis ustulo.,20,Básico
751,Clase meal,Toties vetus illo armarium claudeo.,27,Básico
752,Clase mathematics,Valeo auxilium depereo volaticus sophismata damno ullam rerum cubicularis varietas.,7,Avanzado
753,Clase rim,Adstringo tero casus condico comparo.,6,Básico
754,Clase iridescence,Texo tyrannus spoliatio bene.,18,Básico
755,Clase beret,Cunctatio accedo trado sit.,11,Intermedio
756,Clase trick,Calculus pectus aegrotatio timidus.,23,Básico
757,Clase bookcase,Ustilo umquam strues amor velociter vivo usque neque arca error.,28,Intermedio
758,Clase charlatan,Demulceo abundans capitulus.,6,Avanzado
759,Clase consistency,Tero adinventitias unde ago subiungo blanditiis toties tempus libero.,14,Básico
760,Clase bid,Libero apto dicta.,16,Avanzado
761,Clase exasperation,Vapulus acsi dolores ago.,28,Intermedio
762,Clase humor,Una speculum cupressus.,28,Intermedio
763,Clase innovation,Temptatio synagoga terra ademptio.,16,Básico
764,Clase requirement,Deripio torrens despecto.,11,Avanzado
765,Clase accountability,Corona sumptus spectaculum spes.,24,Avanzado
766,Clase produce,Audeo veritas circumvenio cur.,11,Avanzado
767,Clase quart,Vulgus aegrotatio strues.,8,Básico
768,Clase glider,Cenaculum valeo creta.,15,Avanzado
769,Clase tune-up,Commemoro speciosus credo bis tripudio nisi copia creo copiose.,21,Avanzado
770,Clase intellect,Amicitia vulpes ab quam curriculum cupio colo.,7,Intermedio
771,Clase traffic,Adimpleo vesica censura alioqui utpote super autus.,29,Intermedio
772,Clase arcade,Sollers vicinus deludo thorax et tracto.,28,Básico
773,Clase sermon,Currus vere cometes tempora certus demoror terminatio utrimque.,30,Básico
774,Clase pneumonia,Dedecor asporto ocer charisma.,27,Intermedio
775,Clase captain,Vulgivagus nostrum anser sed incidunt quisquam audacia antepono suffoco.,17,Básico
776,Clase governance,Templum turba demulceo deduco suscipio carus vesica versus thorax averto.,8,Básico
777,Clase elevator,Spiritus suasoria alter cinis summopere turbo ter video aurum asperiores.,15,Básico
778,Clase goodwill,Patior carpo vos.,24,Básico
779,Clase cornet,Abduco centum vestrum aggredior studio votum carus arceo ullam.,8,Básico
780,Clase decryption,Ait condico corroboro ambitus arbustum.,21,Básico
781,Clase puppet,Repellat aeneus strues facilis dolorem theatrum cunabula occaecati cur.,16,Intermedio
782,Clase kinase,Mollitia ventito apparatus vis tamisium confero.,11,Avanzado
783,Clase tinderbox,Tero doloribus arbor amoveo acervus apostolus argentum aiunt.,27,Intermedio
784,Clase abacus,Viscus aptus curis voluptatem ulterius curiositas calamitas vomer claro chirographum.,15,Básico
785,Clase skean,Abbas reiciendis virtus taedium claro tergum.,21,Intermedio
786,Clase typeface,Conscendo caput attonbitus despecto sodalitas illum viriliter universe defluo.,20,Intermedio
787,Clase cake,Tardus beatae reiciendis coniuratio demergo beneficium qui demitto taedium.,24,Básico
788,Clase vanadyl,Titulus apud amicitia tergeo campana alias thema vociferor.,16,Avanzado
789,Clase fledgling,Unus suggero cena tamen totam titulus ambitus denuncio ad.,30,Avanzado
790,Clase airline,Corrupti verus bardus adversus ademptio aestus corroboro suffragium vestrum.,22,Avanzado
791,Clase crocodile,Curto copia avaritia termes vitium cupiditate.,9,Intermedio
792,Clase hippodrome,Aequus tenus dicta ars magni cito.,18,Intermedio
793,Clase jogging,Deduco comedo conqueror blandior adsidue creber adamo.,8,Básico
794,Clase king,Consectetur adhuc curvo colo atrox.,22,Básico
795,Clase rationale,Clamo suppono solium turbo desino defero voluptatem defleo trucido adfectus.,8,Avanzado
796,Clase heartache,Tempus caecus vos pectus crinis.,8,Avanzado
797,Clase flint,Consequatur terminatio debeo vaco bos adduco similique vomica peior thymum.,5,Intermedio
798,Clase version,Theca commodi cattus trado usus ad tamdiu.,17,Avanzado
799,Clase veto,Asperiores cito bos conatus una commemoro.,23,Avanzado
800,Clase accountability,Acer cicuta dens caelestis aequus denego viriliter coruscus.,16,Intermedio
801,Clase excess,Assentator clam amplexus denuo tracto.,12,Intermedio
802,Clase optimal,Bellicus adulescens depromo video cognomen cruciamentum.,20,Intermedio
803,Clase majority,Curiositas admoveo certe valetudo.,8,Avanzado
804,Clase provision,Dolorum cernuus sopor omnis cunctatio.,11,Básico
805,Clase thunderbolt,Sopor cursim solio tristis non comes abundans villa casus aperio.,25,Intermedio
806,Clase label,Voco theologus curiositas creator unus aurum consuasor.,22,Básico
807,Clase sonata,Aequus aranea conturbo caste cetera uredo exercitationem.,20,Intermedio
808,Clase advancement,Amita caries corrupti.,24,Avanzado
809,Clase descendant,Civitas velociter aro theatrum.,30,Intermedio
810,Clase affiliate,Magni socius suppono velut velut repellendus viscus amplitudo cognomen.,24,Básico
811,Clase premium,Tutis colligo textor tamdiu ars abstergo.,27,Básico
812,Clase mountain,Teres coruscus tibi teres succurro.,23,Avanzado
813,Clase birth,Vergo error tametsi angulus crastinus centum subnecto.,27,Básico
814,Clase collaboration,Terga sursum cariosus corrupti vacuus cupio.,5,Intermedio
815,Clase unit,Defendo vindico ancilla.,9,Avanzado
816,Clase guard,Auctus nisi vociferor bibo.,21,Avanzado
817,Clase synergy,Bardus cetera vae adopto consequatur crapula commodi suscipit damnatio.,12,Avanzado
818,Clase kettledrum,Speciosus curso charisma derideo terga soleo.,18,Intermedio
819,Clase embossing,Velociter stella tandem nihil sunt chirographum temporibus adeptio.,15,Intermedio
820,Clase pendant,Tot asper tres vulgus.,17,Intermedio
821,Clase going,Defluo victus abeo deorsum in sono perferendis videlicet vilis tui.,8,Básico
822,Clase giggle,Vomito adulatio utrimque denique.,20,Avanzado
823,Clase linseed,Crepusculum arx adulescens quod currus solvo deripio adulescens bestia usus.,10,Intermedio
824,Clase commercial,Umbra illo thesaurus calcar termes trans sui.,23,Avanzado
825,Clase soliloquy,Dolorum aiunt aperte.,18,Intermedio
826,Clase premier,Veritatis animadverto aureus calamitas textor.,25,Básico
827,Clase overheard,Tepidus saepe cervus allatus tabesco facere undique usus.,12,Avanzado
828,Clase translation,Toties coniuratio amo dapifer sopor votum coepi somnus exercitationem.,6,Básico
829,Clase presume,Sit socius bestia inflammatio sui aiunt vitiosus statim.,9,Intermedio
830,Clase optimal,Capio theca voluptatibus spiritus suscipio degenero.,18,Intermedio
831,Clase charlatan,Vita deduco collum quos sequi adfectus.,6,Básico
832,Clase squid,Vel truculenter excepturi tactus pectus consectetur veritatis vito sublime stella.,7,Avanzado
833,Clase sticker,Comes curvo ver.,26,Intermedio
834,Clase sanity,Tandem cavus temporibus.,25,Avanzado
835,Clase hubris,Barba appositus absum taceo ascisco.,18,Avanzado
836,Clase gallery,Custodia conor quos dedecor ventito cedo denuo.,24,Avanzado
837,Clase icebreaker,Utor vox demo conculco.,27,Intermedio
838,Clase rim,Ars uredo nisi cernuus claustrum causa et voluptatibus ancilla.,28,Básico
839,Clase jump,Aeneus urbanus thesaurus canis vado inflammatio.,6,Avanzado
840,Clase climb,Deleniti adstringo terror facilis tamquam.,6,Intermedio
841,Clase plain,Arguo curto bardus creber aetas uredo cunae aestus corroboro.,14,Intermedio
842,Clase masterpiece,Arto dignissimos surgo velit aequus suppono caelum altus.,11,Avanzado
843,Clase shipper,Dapifer sordeo somnus tardus eaque temeritas campana.,17,Básico
844,Clase formation,Viriliter candidus sordeo.,11,Avanzado
845,Clase slime,Curo crepusculum vinco spectaculum tenetur acerbitas temperantia.,7,Avanzado
846,Clase soup,Tredecim temeritas angelus sortitus amor patria.,9,Básico
847,Clase metal,Vel illo arca consequatur.,13,Avanzado
848,Clase institute,Suadeo sol vomica.,20,Básico
849,Clase bin,Consuasor urbanus iste subseco veritas ater.,13,Básico
850,Clase interviewer,Surculus alveus agnosco decet.,17,Básico
851,Clase chainstay,Demo amiculum tamquam sustineo appello asper cultura ea vehemens canis.,13,Intermedio
852,Clase reconsideration,Apud virga assentator ter territo coma expedita.,24,Básico
853,Clase membership,Sono trado sequi speculum.,8,Intermedio
854,Clase cork,Acervus ipsum cupiditate addo tribuo eaque claustrum tergiversatio.,30,Avanzado
855,Clase stranger,Circumvenio stipes coma corporis.,17,Avanzado
856,Clase nun,Bellum sublime caste derideo administratio pectus paens.,24,Básico
857,Clase mom,Creber nesciunt alioqui architecto adeo apud.,7,Básico
858,Clase moment,Sequi colligo reiciendis desipio.,17,Avanzado
859,Clase coal,Debitis thymbra nemo desidero.,8,Avanzado
860,Clase brief,Congregatio cohors adopto aqua creber.,25,Intermedio
861,Clase smoke,Aestivus voluptas universe audax quo adaugeo occaecati conventus suus videlicet.,29,Intermedio
862,Clase cook,Theologus hic ciminatio.,21,Básico
863,Clase forager,Occaecati demo volva quos thymum adimpleo absorbeo ver creber.,29,Avanzado
864,Clase plumber,Venio ipsa cicuta acer.,19,Intermedio
865,Clase necklace,Cedo defaeco umquam anser.,12,Intermedio
866,Clase kielbasa,Cunctatio ex sophismata aranea patior acerbitas molestiae umerus.,20,Avanzado
867,Clase switch,Optio collum quam sumo.,7,Intermedio
868,Clase ectoderm,Autus quibusdam vespillo creator succurro.,9,Básico
869,Clase platter,Summopere pax cultellus.,11,Básico
870,Clase pressure,Depulso dedecor nisi casus thorax curia abscido.,13,Intermedio
871,Clase loyalty,Tandem tutamen sum bardus audacia.,14,Intermedio
872,Clase blowgun,Decerno stella textus arbustum.,20,Avanzado
873,Clase hubris,Cattus careo copiose nemo.,26,Intermedio
874,Clase complication,Placeat saepe depereo vereor strenuus.,18,Avanzado
875,Clase comestible,Omnis uxor strues cilicium desidero defungo.,17,Básico
876,Clase rubric,Decerno ab absque ancilla vicinus autem quisquam tot.,26,Básico
877,Clase suitcase,Creptio adamo abscido calcar commodo acquiro tepidus.,12,Básico
878,Clase encouragement,Spero creber sequi consequuntur ago.,6,Avanzado
879,Clase pharmacopoeia,Vergo cotidie minima taceo.,5,Avanzado
880,Clase polarisation,Aliqua vix voro tunc alius anser modi turpis porro.,16,Intermedio
881,Clase expense,Cuppedia verus capio.,16,Básico
882,Clase gloom,Uxor denuncio voluptatibus consuasor conturbo crapula carpo supplanto comitatus.,26,Básico
883,Clase merit,Patruus volubilis vitae quae utrum ascit.,27,Básico
884,Clase thunderbolt,Conduco brevis audio.,22,Intermedio
885,Clase lyre,Urbs consuasor curo sordeo nemo beatus.,15,Básico
886,Clase newsletter,Depulso crapula tero.,30,Avanzado
887,Clase alert,Assumenda cornu auctor vero reprehenderit succurro cervus utique abstergo suspendo.,13,Intermedio
888,Clase birth,Tres beneficium deputo animus ducimus.,27,Avanzado
889,Clase technician,Ascisco strues annus desipio aperiam vilitas odit crinis tutis.,13,Básico
890,Clase coast,Vitiosus bestia alius benigne suppellex subiungo aliqua cuppedia.,20,Intermedio
891,Clase other,Solium adeptio canto.,22,Avanzado
892,Clase peony,Minima cognatus esse acervus textor.,17,Intermedio
893,Clase disappointment,Claro unus terga demonstro tutis volaticus curto sol dedecor nesciunt.,22,Básico
894,Clase rubric,Amissio vociferor confugo caecus vivo compono.,20,Avanzado
895,Clase complication,Talus statim theologus solvo magni delectatio contigo cura administratio.,16,Avanzado
896,Clase summer,Uter venio antepono tandem solium culpa circumvenio.,22,Básico
897,Clase trick,Traho bardus videlicet numquam ratione.,8,Básico
898,Clase coast,Illum delicate eos stillicidium ulciscor conforto sperno auctor in.,16,Básico
899,Clase underneath,Sub congregatio cervus advoco abstergo sustineo virtus tergiversatio.,20,Avanzado
900,Clase newsletter,Villa varietas barba cerno.,5,Intermedio
901,Clase formula,Cuppedia quia synagoga cursim decor cognatus certus.,10,Avanzado
902,Clase prohibition,Exercitationem cunctatio carbo paens thalassinus catena defendo.,27,Avanzado
903,Clase fireplace,Crustulum considero astrum necessitatibus arma despecto tum adimpleo crustulum summisse.,22,Básico
904,Clase privilege,Conicio tabgo vicinus armarium virga.,9,Básico
905,Clase championship,Utilis subito summisse crustulum sponte utrum ter eum.,7,Básico
906,Clase language,Vox minus bos centum auxilium deleniti traho administratio vulariter decipio.,28,Avanzado
907,Clase sprinkles,Temptatio utroque adaugeo uterque.,27,Intermedio
908,Clase breastplate,Summa censura appositus creptio.,26,Avanzado
909,Clase jet,Ultra appono thymbra rerum suffoco adulatio crastinus.,18,Avanzado
910,Clase smoke,Apto minus vulnus ocer umbra tyrannus termes vester denego cultellus.,7,Básico
911,Clase ostrich,Degenero verecundia et nesciunt.,5,Intermedio
912,Clase tabletop,Dolore thymbra damno audeo.,25,Avanzado
913,Clase partridge,Cavus casso thema vinco ventito.,6,Avanzado
914,Clase castanet,Doloribus acsi vir tabernus subvenio capio vestrum caute decimus creptio.,23,Intermedio
915,Clase celsius,Porro cohors capillus deficio amoveo magnam.,21,Básico
916,Clase fog,Calamitas compono subvenio ara charisma bibo abeo.,16,Básico
917,Clase dime,Pauci apto consectetur quasi sub communis cauda cunae.,19,Avanzado
918,Clase wear,Voluptatum esse ultra hic solus sodalitas talis libero audacia.,11,Básico
919,Clase railway,Teres vitium verus arbor atavus.,30,Básico
920,Clase handful,Adiuvo templum undique minima a tabesco.,26,Básico
921,Clase obligation,Cresco natus tenus sui taceo solvo est utroque trepide harum.,8,Avanzado
922,Clase lava,Magni deleniti tantum crudelis peior adduco illo trucido.,10,Intermedio
923,Clase technologist,Degusto video saepe.,12,Intermedio
924,Clase epic,Capto cunae consectetur aequitas curso curo theca utrum caecus.,7,Intermedio
925,Clase shark,Minima terga rerum animadverto cur adicio praesentium solutio cumque traho.,20,Intermedio
926,Clase postbox,Nam trepide beatae umquam natus tyrannus tactus arcus.,9,Básico
927,Clase tapioca,Vix repudiandae coadunatio veniam tyrannus audentia depereo thesaurus.,28,Avanzado
928,Clase sonar,Conspergo via benevolentia uxor damnatio velut audio.,21,Avanzado
929,Clase defendant,Talio iste tametsi confero valde nam accendo vicinus patruus.,12,Avanzado
930,Clase digestive,Undique expedita strues xiphias vobis vereor creta voro.,29,Intermedio
931,Clase polyester,Clamo vorax sapiente turbo summisse theatrum quibusdam.,27,Básico
932,Clase steak,Adflicto nam harum tripudio timor caelum curto.,14,Avanzado
933,Clase co-producer,Quaerat nulla patrocinor consequatur.,20,Avanzado
934,Clase castanet,Conatus thymum versus ter defleo adinventitias maxime contabesco beneficium tactus.,17,Avanzado
935,Clase fishery,Charisma coma nobis aduro vaco quo crebro arguo aggero.,18,Básico
936,Clase underneath,Cunctatio terebro trans.,8,Intermedio
937,Clase acquaintance,Tego ipsa fugit aranea corroboro.,24,Avanzado
938,Clase duster,Tredecim supplanto solio toties deserunt argentum argentum defendo vulnus.,16,Básico
939,Clase other,Rem tergum praesentium bonus sufficio adipisci amoveo amplitudo.,5,Avanzado
940,Clase gift,Carpo credo adduco vitiosus decipio virgo curto cursim.,12,Básico
941,Clase pacemaker,Nihil vulgus stipes vis verbera.,21,Intermedio
942,Clase asset,Voluptatem tum addo calco civis voco ubi crastinus tricesimus esse.,6,Avanzado
943,Clase millet,Cunae deserunt eligendi.,12,Básico
944,Clase morbidity,Degero crustulum ascisco aeger temeritas.,6,Básico
945,Clase whale,Vulpes demo amicitia angelus.,8,Básico
946,Clase harp,Callide carcer debilito voluptatum spero utrimque bardus.,20,Avanzado
947,Clase impact,Creber admoveo venio.,19,Intermedio
948,Clase final,Atque solio valetudo sono esse decipio textor apparatus totus.,24,Avanzado
949,Clase mountain,Reiciendis decet caelum nostrum arca adfero.,22,Intermedio
950,Clase accountability,Vita delibero cursim quibusdam necessitatibus aer umerus.,9,Básico
951,Clase obligation,Corrigo expedita volaticus sub caterva.,26,Avanzado
952,Clase dandelion,Territo cuius sodalitas canonicus capio.,17,Básico
953,Clase kinase,Vero curia vetus universe.,23,Avanzado
954,Clase starboard,Vetus cubitum ut tam veritas.,28,Avanzado
955,Clase ectoderm,Animus speciosus debilito arbitro acervus amplitudo approbo.,18,Avanzado
956,Clase galoshes,Cogito vis comis summisse.,16,Básico
957,Clase e-mail,Ea apud quas termes damno porro vobis sapiente ait spectaculum.,8,Básico
958,Clase councilman,Ex articulus caput tremo clamo deduco.,9,Básico
959,Clase luck,Sapiente vox celebrer.,20,Intermedio
960,Clase amendment,Acidus quae corrumpo.,8,Intermedio
961,Clase brochure,Natus decumbo nobis spero ante vociferor officiis decipio.,10,Avanzado
962,Clase vanadyl,Carmen cado aureus artificiose sufficio.,9,Intermedio
963,Clase heartache,Tumultus distinctio nostrum thymbra copiose credo.,26,Básico
964,Clase typeface,Tardus aegrotatio bellum cornu victus absum allatus alii.,19,Intermedio
965,Clase obesity,Trucido admiratio tenuis crux velut debitis aestas caritas colo.,21,Básico
966,Clase airman,Thorax tantillus aggero corroboro.,12,Básico
967,Clase deck,Sollers terreo animi cruentus quasi colo vado studio.,15,Básico
968,Clase technologist,Ager debeo careo.,25,Avanzado
969,Clase lyre,Asporto bardus aetas capio maxime compono balbus.,18,Avanzado
970,Clase devil,Culpo sit agnosco dolorem comes adsum una.,29,Intermedio
971,Clase certification,Adnuo cognatus socius.,27,Intermedio
972,Clase viability,Auctor creator tui cernuus.,10,Intermedio
973,Clase valuable,Angulus cohors vis.,5,Intermedio
974,Clase corporation,Sint absens tollo concido.,6,Avanzado
975,Clase zen,Minima theca vitiosus via arbustum tribuo paulatim apto celer cauda.,16,Intermedio
976,Clase precedent,Civis adstringo ad voluptatum autus.,7,Básico
977,Clase hovel,Tendo ultio ratione sodalitas succurro ter.,13,Avanzado
978,Clase minority,Venia tutis tutis tubineus.,20,Intermedio
979,Clase spear,Adfectus blandior esse absconditus uxor.,12,Intermedio
980,Clase department,Ipsam varius cras dens.,20,Básico
981,Clase riser,Certe vilis uterque rem vinculum eos sordeo aestas.,28,Intermedio
982,Clase willow,Communis usque decumbo conservo.,30,Básico
983,Clase sesame,Assumenda tres quibusdam maiores congregatio arbitro.,12,Avanzado
984,Clase singing,Aduro trucido iste super audio.,24,Básico
985,Clase complication,Bellum agnitio vitium alter spero thorax vitae voluptatibus.,27,Avanzado
986,Clase attraction,Sto excepturi tracto molestiae tempus universe baiulus utrimque vox derelinquo.,29,Básico
987,Clase compromise,Creptio sol derelinquo natus vinum summa delinquo tutis sequi.,11,Básico
988,Clase battle,Dedecor capitulus tribuo alter apto carus umerus viduo tutamen comburo.,5,Intermedio
989,Clase summer,Sumo caterva accusamus.,13,Básico
990,Clase elevator,Denego sortitus ducimus tum ea voluptates desidero aliquid.,11,Intermedio
991,Clase presume,Adfectus cultellus autus cognomen clam derideo.,28,Básico
992,Clase brush,Verbera autus varietas deficio advoco absorbeo volutabrum ars verus callide.,18,Básico
993,Clase adviser,Vociferor rerum arceo.,17,Intermedio
994,Clase disposer,Libero attonbitus tutamen cilicium unde votum.,22,Avanzado
995,Clase obedience,Turbo aperiam cuppedia sit defungo.,20,Básico
996,Clase waterspout,Turba ulterius ustilo ea repellat canonicus umquam subito.,20,Intermedio
997,Clase fuel,Voluptates terminatio infit calculus acidus vitiosus coniecto molestias.,24,Básico
998,Clase venom,Veritatis tergiversatio dedecor curtus aer color somnus.,27,Intermedio
999,Clase reservation,Aduro ipsam ciminatio ratione campana pariatur utroque arbitro ustilo bellicus.,24,Avanzado
1000,Clase baseboard,Curia virtus dicta villa testimonium.,20,Básico
